size, best, average, worst
0, 0.000000, 0.000000, 0.000000
1000, 0.000000, 0.599500, 1.100300
2000, 0.000000, 2.699800, 5.699800
3000, 0.000000, 7.601100, 14.100100
4000, 0.000000, 11.699700, 21.402200
5000, 0.000000, 18.098000, 37.401000
6000, 0.099600, 23.701400, 48.800700
7000, 0.000000, 33.700500, 66.699700
8000, 0.000000, 46.001400, 76.299900
9000, 0.000000, 46.700100, 94.400000
10000, 0.100000, 57.100000, 115.700000
