size, best, average, worst
0, 0.000000, 0.000000, 0.000000
500, 0.000020, 0.000030, 0.000020
1000, 0.000030, 0.000080, 0.000050
1500, 0.000060, 0.000170, 0.000060
2000, 0.000070, 0.000250, 0.000080
2500, 0.000080, 0.000320, 0.000140
3000, 0.000120, 0.000360, 0.000180
3500, 0.000140, 0.000430, 0.000170
4000, 0.000140, 0.000470, 0.000190
4500, 0.000150, 0.000570, 0.000200
5000, 0.000180, 0.000590, 0.000260
