size, best, average, worst
0, 0.000000, 0.000000, 0.000000
100000, 0.003000, 0.023000, 0.025000
200000, 0.007000, 0.068000, 0.085000
300000, 0.010000, 0.131000, 0.188000
400000, 0.014000, 0.213000, 0.336000
500000, 0.016000, 0.316000, 0.515000
600000, 0.020000, 0.461000, 0.747000
700000, 0.024000, 0.625000, 1.081000
800000, 0.027000, 0.831000, 1.479000
900000, 0.030000, 1.090000, 1.930000
1000000, 0.033000, 1.396000, 2.523000
