size, best, average, worst
0, 0.000000, 0.000000, 0.000000
200, 0.000000, 0.000000, 0.000000
400, 0.000000, 0.000000, 0.000000
600, 0.000000, 0.000000, 0.000000
800, 0.000000, 0.000000, 0.000000
1000, 0.000000, 0.000000, 0.000000
1200, 0.000000, 0.000000, 0.000000
1400, 0.000000, 0.001000, 0.000000
1600, 0.000000, 0.000000, 0.000000
1800, 0.000000, 0.000000, 0.000000
2000, 0.000000, 0.000000, 0.001000
