size, best, average, worst
0, 0.000000, 0.000000, 0.000000
1000, 0.000000, 0.099600, 0.100100
2000, 0.099900, 0.200300, 0.099700
3000, 0.100400, 0.400200, 0.100300
4000, 0.199700, 0.399200, 0.200600
5000, 0.200600, 0.698700, 0.300600
6000, 0.300100, 0.799700, 0.300500
7000, 0.299500, 1.100300, 0.400000
8000, 0.400000, 1.300100, 0.600000
9000, 0.399800, 1.199900, 0.600200
10000, 0.300200, 1.499700, 0.699400
