size, best, average, worst
0, 0.000000, 0.000000, 0.000000
500, 0.000000, 0.000140, 0.000280
1000, 0.000010, 0.000580, 0.001120
1500, 0.000010, 0.001260, 0.002540
2000, 0.000010, 0.002210, 0.004410
2500, 0.000010, 0.003380, 0.006950
3000, 0.000010, 0.004910, 0.010010
3500, 0.000030, 0.006790, 0.013540
4000, 0.000020, 0.008790, 0.017680
4500, 0.000030, 0.011280, 0.022600
5000, 0.000020, 0.013880, 0.027680
