size, best, average, worst
0, 0.000000, 0.000000, 0.000000
10000, 0.022000, 0.052000, 0.002000
20000, 0.045000, 0.214000, 0.003000
30000, 0.069000, 0.479000, 0.004000
40000, 0.094000, 0.856000, 0.005000
50000, 0.119000, 1.332000, 0.007000
60000, 0.144000, 1.927000, 0.008000
70000, 0.166000, 2.610000, 0.009000
80000, 0.190000, 3.411000, 0.011000
90000, 0.217000, 4.342000, 0.012000
100000, 0.238000, 5.351000, 0.014000
