size, best, average, worst
0, 0.000000, 0.000000, 0.000000
100000, 0.000000, 4.825000, 9.625000
200000, 0.000000, 19.331000, 38.659000
300000, 0.001000, 43.452000, 87.400000
400000, 0.001000, 77.911000, 