size, best, average, worst
0, 0.000000, 0.000000, 0.000000
500, 0.000010, 0.000020, 0.000020
1000, 0.000020, 0.000080, 0.000030
1500, 0.000050, 0.000170, 0.000070
2000, 0.000060, 0.000240, 0.000100
2500, 0.000070, 0.000300, 0.000100
3000, 0.000070, 0.000330, 0.000120
3500, 0.000100, 0.000410, 0.000150
4000, 0.000100, 0.000450, 0.000170
4500, 0.000140, 0.000580, 0.000190
5000, 0.000150, 0.000590, 0.000220
