size, best, average, worst
0, 0.000000, 0.000000, 0.000000
500, 0.000000, 0.000000, 0.000000
1000, 0.000000, 0.000000, 0.000000
1500, 0.000000, 1.000000, 0.000000
2000, 0.000000, 0.000000, 1.000000
2500, 0.000000, 0.000000, 1.000000
3000, 0.000000, 0.999000, 0.000000
3500, 0.000000, 0.999000, 1.003000
4000, 0.000000, 1.998000, 0.000000
4500, 1.001000, 0.993000, 0.000000
5000, 0.999000, 1.001000, 0.995000
