size, best, average, worst
0, 0.000000, 0.000000, 0.000000
500, 0.000000, 0.000030, 0.000010
1000, 0.000030, 0.000090, 0.000030
1500, 0.000050, 0.000160, 0.000090
2000, 0.000080, 0.000230, 0.000090
2500, 0.000090, 0.000330, 0.000140
3000, 0.000130, 0.000370, 0.000170
3500, 0.000140, 0.000400, 0.000160
4000, 0.000140, 0.000500, 0.000190
4500, 0.000160, 0.000540, 0.000210
5000, 0.000190, 0.000630, 0.000250
