size, best, average, worst
0, 0.000000, 0.000000, 0.000000
100000, 0.006000, 0.018000, 0.007000
200000, 0.011000, 0.039000, 0.014000
300000, 0.018000, 0.057000, 0.022000
400000, 0.024000, 0.078000, 0.030000
500000, 0.031000, 0.100000, 0.037000
600000, 0.038000, 0.120000, 0.048000
700000, 0.045000, 0.142000, 0.054000
800000, 0.052000, 0.161000, 0.063000
900000, 0.060000, 0.181000, 0.070000
1000000, 0.067000, 0.208000, 0.080000
