size, best, average, worst
0, 0.000000, 0.000000, 0.000000
100000, 0.005000, 0.015000, 0.005000
200000, 0.007000, 0.032000, 0.011000
300000, 0.012000, 0.050000, 0.016000
400000, 0.015000, 0.068000, 0.022000
500000, 0.021000, 0.086000, 0.029000
600000, 0.024000, 0.105000, 0.035000
700000, 0.029000, 0.122000, 0.042000
800000, 0.032000, 0.139000, 0.050000
900000, 0.038000, 0.162000, 0.057000
1000000, 0.040000, 0.176000, 0.064000
