size, best, average, worst
0, 0.000000, 0.000000, 0.000000
500, 0.000020, 0.000020, 0.000020
1000, 0.000040, 0.000100, 0.000040
1500, 0.000060, 0.000200, 0.000070
2000, 0.000080, 0.000260, 0.000120
2500, 0.000140, 0.000310, 0.000140
3000, 0.000160, 0.000430, 0.000170
3500, 0.000160, 0.000450, 0.000190
4000, 0.000210, 0.000540, 0.000230
4500, 0.000240, 0.000640, 0.000350
5000, 0.000250, 0.000740, 0.000300
