size, best, average, worst
0, 0.000000, 0.000000, 0.000000
100000, 0.006000, 0.021000, 0.008000
200000, 0.014000, 0.050000, 0.017000
300000, 0.022000, 0.073000, 0.028000
400000, 0.028000, 0.106000, 0.037000
500000, 0.035000, 0.131000, 0.045000
600000, 0.045000, 0.160000, 0.058000
700000, 0.052000, 0.186000, 0.066000
800000, 0.063000, 0.231000, 0.078000
900000, 0.068000, 0.251000, 0.086000
1000000, 0.076000, 0.284000, 0.096000
